Ref,Val,Package,PosX,PosY,Rot,Side
"R1","2k","C_0805_2012Metric",134.850000,-102.400000,180.000000,top
"R2","2k","C_0805_2012Metric",154.150000,-102.400000,180.000000,top
"R3","2k","C_0805_2012Metric",146.950000,-114.300000,180.000000,top
"SW1","BTN_DOWN","SW_PUSH_6mm",124.150000,-102.950000,0.000000,top
"SW2","BTN_UP","SW_PUSH_6mm",142.750000,-102.850000,0.000000,top
"SW3","BTN_ENTER","SW_PUSH_6mm",133.650000,-114.850000,0.000000,top
"U1","ESP32-DevKitC","ESP32-DevKitC",160.240000,-94.700000,90.000000,top
"U2","DM-OLED096-636","MODULE_DM-OLED096-636",136.500000,-81.200000,0.000000,top
